uri,cluster
<http://example.org/inst/Paper_0>,2
<http://example.org/inst/Paper_100>,2
<http://example.org/inst/Paper_101>,1
<http://example.org/inst/Paper_102>,1
<http://example.org/inst/Paper_103>,1
<http://example.org/inst/Paper_104>,1
<http://example.org/inst/Paper_105>,1
<http://example.org/inst/Paper_106>,1
<http://example.org/inst/Paper_107>,1
<http://example.org/inst/Paper_108>,1
<http://example.org/inst/Paper_109>,2
<http://example.org/inst/Paper_10>,1
<http://example.org/inst/Paper_110>,2
<http://example.org/inst/Paper_111>,2
<http://example.org/inst/Paper_112>,2
<http://example.org/inst/Paper_113>,2
<http://example.org/inst/Paper_114>,0
<http://example.org/inst/Paper_115>,1
<http://example.org/inst/Paper_116>,2
<http://example.org/inst/Paper_117>,0
<http://example.org/inst/Paper_118>,2
<http://example.org/inst/Paper_119>,1
<http://example.org/inst/Paper_11>,1
<http://example.org/inst/Paper_120>,1
<http://example.org/inst/Paper_121>,2
<http://example.org/inst/Paper_122>,1
<http://example.org/inst/Paper_123>,1
<http://example.org/inst/Paper_124>,1
<http://example.org/inst/Paper_125>,2
<http://example.org/inst/Paper_126>,0
<http://example.org/inst/Paper_127>,0
<http://example.org/inst/Paper_128>,1
<http://example.org/inst/Paper_129>,1
<http://example.org/inst/Paper_12>,1
<http://example.org/inst/Paper_130>,2
<http://example.org/inst/Paper_131>,1
<http://example.org/inst/Paper_132>,2
<http://example.org/inst/Paper_133>,1
<http://example.org/inst/Paper_134>,1
<http://example.org/inst/Paper_135>,0
<http://example.org/inst/Paper_136>,0
<http://example.org/inst/Paper_137>,2
<http://example.org/inst/Paper_138>,1
<http://example.org/inst/Paper_139>,2
<http://example.org/inst/Paper_13>,1
<http://example.org/inst/Paper_140>,1
<http://example.org/inst/Paper_141>,2
<http://example.org/inst/Paper_142>,2
<http://example.org/inst/Paper_143>,1
<http://example.org/inst/Paper_144>,2
<http://example.org/inst/Paper_145>,0
<http://example.org/inst/Paper_146>,2
<http://example.org/inst/Paper_147>,1
<http://example.org/inst/Paper_148>,1
<http://example.org/inst/Paper_149>,1
<http://example.org/inst/Paper_14>,1
<http://example.org/inst/Paper_150>,1
<http://example.org/inst/Paper_151>,1
<http://example.org/inst/Paper_152>,2
<http://example.org/inst/Paper_153>,1
<http://example.org/inst/Paper_154>,2
<http://example.org/inst/Paper_155>,2
<http://example.org/inst/Paper_156>,1
<http://example.org/inst/Paper_157>,1
<http://example.org/inst/Paper_158>,1
<http://example.org/inst/Paper_159>,1
<http://example.org/inst/Paper_15>,2
<http://example.org/inst/Paper_160>,2
<http://example.org/inst/Paper_161>,1
<http://example.org/inst/Paper_162>,0
<http://example.org/inst/Paper_163>,1
<http://example.org/inst/Paper_164>,1
<http://example.org/inst/Paper_165>,1
<http://example.org/inst/Paper_166>,0
<http://example.org/inst/Paper_167>,2
<http://example.org/inst/Paper_168>,1
<http://example.org/inst/Paper_169>,1
<http://example.org/inst/Paper_16>,1
<http://example.org/inst/Paper_170>,1
<http://example.org/inst/Paper_171>,2
<http://example.org/inst/Paper_172>,2
<http://example.org/inst/Paper_173>,2
<http://example.org/inst/Paper_174>,1
<http://example.org/inst/Paper_175>,2
<http://example.org/inst/Paper_176>,1
<http://example.org/inst/Paper_177>,2
<http://example.org/inst/Paper_178>,0
<http://example.org/inst/Paper_179>,0
<http://example.org/inst/Paper_17>,0
<http://example.org/inst/Paper_180>,1
<http://example.org/inst/Paper_181>,2
<http://example.org/inst/Paper_182>,2
<http://example.org/inst/Paper_183>,2
<http://example.org/inst/Paper_184>,1
<http://example.org/inst/Paper_185>,2
<http://example.org/inst/Paper_186>,2
<http://example.org/inst/Paper_187>,2
<http://example.org/inst/Paper_188>,1
<http://example.org/inst/Paper_189>,1
<http://example.org/inst/Paper_18>,1
<http://example.org/inst/Paper_190>,0
<http://example.org/inst/Paper_191>,2
<http://example.org/inst/Paper_192>,1
<http://example.org/inst/Paper_193>,1
<http://example.org/inst/Paper_194>,2
<http://example.org/inst/Paper_195>,1
<http://example.org/inst/Paper_196>,1
<http://example.org/inst/Paper_197>,1
<http://example.org/inst/Paper_198>,1
<http://example.org/inst/Paper_199>,2
<http://example.org/inst/Paper_19>,2
<http://example.org/inst/Paper_1>,2
<http://example.org/inst/Paper_200>,1
<http://example.org/inst/Paper_201>,1
<http://example.org/inst/Paper_202>,0
<http://example.org/inst/Paper_203>,2
<http://example.org/inst/Paper_204>,0
<http://example.org/inst/Paper_205>,2
<http://example.org/inst/Paper_206>,2
<http://example.org/inst/Paper_207>,1
<http://example.org/inst/Paper_208>,1
<http://example.org/inst/Paper_209>,1
<http://example.org/inst/Paper_20>,1
<http://example.org/inst/Paper_210>,1
<http://example.org/inst/Paper_211>,1
<http://example.org/inst/Paper_212>,1
<http://example.org/inst/Paper_213>,1
<http://example.org/inst/Paper_214>,1
<http://example.org/inst/Paper_215>,2
<http://example.org/inst/Paper_216>,1
<http://example.org/inst/Paper_217>,2
<http://example.org/inst/Paper_218>,1
<http://example.org/inst/Paper_219>,2
<http://example.org/inst/Paper_21>,2
<http://example.org/inst/Paper_220>,2
<http://example.org/inst/Paper_221>,1
<http://example.org/inst/Paper_222>,2
<http://example.org/inst/Paper_223>,1
<http://example.org/inst/Paper_224>,1
<http://example.org/inst/Paper_225>,2
<http://example.org/inst/Paper_226>,1
<http://example.org/inst/Paper_227>,1
<http://example.org/inst/Paper_228>,1
<http://example.org/inst/Paper_229>,1
<http://example.org/inst/Paper_22>,1
<http://example.org/inst/Paper_230>,2
<http://example.org/inst/Paper_231>,1
<http://example.org/inst/Paper_232>,0
<http://example.org/inst/Paper_233>,2
<http://example.org/inst/Paper_234>,2
<http://example.org/inst/Paper_235>,1
<http://example.org/inst/Paper_236>,1
<http://example.org/inst/Paper_237>,1
<http://example.org/inst/Paper_238>,2
<http://example.org/inst/Paper_239>,1
<http://example.org/inst/Paper_23>,2
<http://example.org/inst/Paper_240>,1
<http://example.org/inst/Paper_241>,1
<http://example.org/inst/Paper_242>,2
<http://example.org/inst/Paper_243>,2
<http://example.org/inst/Paper_244>,2
<http://example.org/inst/Paper_245>,1
<http://example.org/inst/Paper_246>,0
<http://example.org/inst/Paper_247>,2
<http://example.org/inst/Paper_248>,1
<http://example.org/inst/Paper_249>,2
<http://example.org/inst/Paper_24>,1
<http://example.org/inst/Paper_250>,1
<http://example.org/inst/Paper_251>,2
<http://example.org/inst/Paper_252>,1
<http://example.org/inst/Paper_253>,1
<http://example.org/inst/Paper_254>,1
<http://example.org/inst/Paper_255>,1
<http://example.org/inst/Paper_256>,2
<http://example.org/inst/Paper_257>,1
<http://example.org/inst/Paper_258>,2
<http://example.org/inst/Paper_259>,2
<http://example.org/inst/Paper_25>,2
<http://example.org/inst/Paper_260>,1
<http://example.org/inst/Paper_261>,1
<http://example.org/inst/Paper_262>,1
<http://example.org/inst/Paper_263>,1
<http://example.org/inst/Paper_264>,2
<http://example.org/inst/Paper_265>,1
<http://example.org/inst/Paper_266>,1
<http://example.org/inst/Paper_267>,2
<http://example.org/inst/Paper_268>,2
<http://example.org/inst/Paper_269>,1
<http://example.org/inst/Paper_26>,0
<http://example.org/inst/Paper_270>,2
<http://example.org/inst/Paper_271>,2
<http://example.org/inst/Paper_272>,2
<http://example.org/inst/Paper_273>,1
<http://example.org/inst/Paper_274>,1
<http://example.org/inst/Paper_275>,1
<http://example.org/inst/Paper_276>,1
<http://example.org/inst/Paper_277>,1
<http://example.org/inst/Paper_278>,2
<http://example.org/inst/Paper_279>,1
<http://example.org/inst/Paper_27>,0
<http://example.org/inst/Paper_280>,1
<http://example.org/inst/Paper_281>,2
<http://example.org/inst/Paper_282>,1
<http://example.org/inst/Paper_283>,1
<http://example.org/inst/Paper_284>,2
<http://example.org/inst/Paper_285>,1
<http://example.org/inst/Paper_286>,2
<http://example.org/inst/Paper_287>,0
<http://example.org/inst/Paper_288>,2
<http://example.org/inst/Paper_289>,0
<http://example.org/inst/Paper_28>,1
<http://example.org/inst/Paper_290>,0
<http://example.org/inst/Paper_291>,2
<http://example.org/inst/Paper_292>,2
<http://example.org/inst/Paper_293>,0
<http://example.org/inst/Paper_294>,2
<http://example.org/inst/Paper_295>,0
<http://example.org/inst/Paper_296>,1
<http://example.org/inst/Paper_297>,1
<http://example.org/inst/Paper_298>,1
<http://example.org/inst/Paper_299>,1
<http://example.org/inst/Paper_29>,2
<http://example.org/inst/Paper_2>,2
<http://example.org/inst/Paper_300>,2
<http://example.org/inst/Paper_301>,1
<http://example.org/inst/Paper_302>,2
<http://example.org/inst/Paper_303>,0
<http://example.org/inst/Paper_304>,2
<http://example.org/inst/Paper_305>,1
<http://example.org/inst/Paper_306>,0
<http://example.org/inst/Paper_307>,2
<http://example.org/inst/Paper_308>,2
<http://example.org/inst/Paper_309>,2
<http://example.org/inst/Paper_30>,1
<http://example.org/inst/Paper_310>,1
<http://example.org/inst/Paper_311>,2
<http://example.org/inst/Paper_312>,2
<http://example.org/inst/Paper_313>,2
<http://example.org/inst/Paper_314>,0
<http://example.org/inst/Paper_315>,2
<http://example.org/inst/Paper_316>,2
<http://example.org/inst/Paper_317>,2
<http://example.org/inst/Paper_318>,0
<http://example.org/inst/Paper_319>,2
<http://example.org/inst/Paper_31>,1
<http://example.org/inst/Paper_320>,1
<http://example.org/inst/Paper_321>,2
<http://example.org/inst/Paper_322>,2
<http://example.org/inst/Paper_323>,1
<http://example.org/inst/Paper_324>,1
<http://example.org/inst/Paper_325>,2
<http://example.org/inst/Paper_326>,0
<http://example.org/inst/Paper_327>,2
<http://example.org/inst/Paper_328>,2
<http://example.org/inst/Paper_329>,1
<http://example.org/inst/Paper_32>,1
<http://example.org/inst/Paper_330>,0
<http://example.org/inst/Paper_331>,2
<http://example.org/inst/Paper_332>,0
<http://example.org/inst/Paper_333>,1
<http://example.org/inst/Paper_334>,2
<http://example.org/inst/Paper_335>,2
<http://example.org/inst/Paper_336>,1
<http://example.org/inst/Paper_337>,1
<http://example.org/inst/Paper_338>,0
<http://example.org/inst/Paper_339>,1
<http://example.org/inst/Paper_33>,1
<http://example.org/inst/Paper_340>,2
<http://example.org/inst/Paper_341>,2
<http://example.org/inst/Paper_342>,2
<http://example.org/inst/Paper_343>,1
<http://example.org/inst/Paper_344>,1
<http://example.org/inst/Paper_345>,1
<http://example.org/inst/Paper_346>,2
<http://example.org/inst/Paper_347>,1
<http://example.org/inst/Paper_348>,1
<http://example.org/inst/Paper_349>,1
<http://example.org/inst/Paper_34>,1
<http://example.org/inst/Paper_350>,2
<http://example.org/inst/Paper_351>,2
<http://example.org/inst/Paper_352>,0
<http://example.org/inst/Paper_353>,2
<http://example.org/inst/Paper_354>,1
<http://example.org/inst/Paper_355>,2
<http://example.org/inst/Paper_356>,2
<http://example.org/inst/Paper_357>,1
<http://example.org/inst/Paper_358>,2
<http://example.org/inst/Paper_359>,2
<http://example.org/inst/Paper_35>,2
<http://example.org/inst/Paper_360>,1
<http://example.org/inst/Paper_361>,1
<http://example.org/inst/Paper_362>,1
<http://example.org/inst/Paper_363>,0
<http://example.org/inst/Paper_364>,2
<http://example.org/inst/Paper_365>,1
<http://example.org/inst/Paper_366>,2
<http://example.org/inst/Paper_367>,1
<http://example.org/inst/Paper_368>,1
<http://example.org/inst/Paper_369>,1
<http://example.org/inst/Paper_36>,2
<http://example.org/inst/Paper_370>,2
<http://example.org/inst/Paper_371>,1
<http://example.org/inst/Paper_372>,1
<http://example.org/inst/Paper_373>,2
<http://example.org/inst/Paper_374>,1
<http://example.org/inst/Paper_375>,0
<http://example.org/inst/Paper_376>,2
<http://example.org/inst/Paper_377>,1
<http://example.org/inst/Paper_378>,1
<http://example.org/inst/Paper_379>,2
<http://example.org/inst/Paper_37>,2
<http://example.org/inst/Paper_380>,1
<http://example.org/inst/Paper_381>,0
<http://example.org/inst/Paper_382>,2
<http://example.org/inst/Paper_383>,2
<http://example.org/inst/Paper_384>,2
<http://example.org/inst/Paper_385>,2
<http://example.org/inst/Paper_386>,2
<http://example.org/inst/Paper_387>,2
<http://example.org/inst/Paper_388>,2
<http://example.org/inst/Paper_389>,2
<http://example.org/inst/Paper_38>,1
<http://example.org/inst/Paper_390>,2
<http://example.org/inst/Paper_391>,1
<http://example.org/inst/Paper_392>,2
<http://example.org/inst/Paper_393>,1
<http://example.org/inst/Paper_394>,2
<http://example.org/inst/Paper_395>,2
<http://example.org/inst/Paper_396>,1
<http://example.org/inst/Paper_397>,1
<http://example.org/inst/Paper_398>,1
<http://example.org/inst/Paper_399>,1
<http://example.org/inst/Paper_39>,1
<http://example.org/inst/Paper_3>,0
<http://example.org/inst/Paper_400>,1
<http://example.org/inst/Paper_401>,0
<http://example.org/inst/Paper_402>,1
<http://example.org/inst/Paper_403>,2
<http://example.org/inst/Paper_404>,1
<http://example.org/inst/Paper_405>,2
<http://example.org/inst/Paper_406>,2
<http://example.org/inst/Paper_407>,2
<http://example.org/inst/Paper_408>,2
<http://example.org/inst/Paper_409>,2
<http://example.org/inst/Paper_40>,1
<http://example.org/inst/Paper_410>,1
<http://example.org/inst/Paper_411>,1
<http://example.org/inst/Paper_412>,1
<http://example.org/inst/Paper_413>,2
<http://example.org/inst/Paper_414>,1
<http://example.org/inst/Paper_415>,2
<http://example.org/inst/Paper_416>,1
<http://example.org/inst/Paper_417>,1
<http://example.org/inst/Paper_418>,0
<http://example.org/inst/Paper_419>,2
<http://example.org/inst/Paper_41>,0
<http://example.org/inst/Paper_420>,1
<http://example.org/inst/Paper_421>,1
<http://example.org/inst/Paper_422>,1
<http://example.org/inst/Paper_423>,2
<http://example.org/inst/Paper_424>,2
<http://example.org/inst/Paper_425>,2
<http://example.org/inst/Paper_426>,1
<http://example.org/inst/Paper_427>,1
<http://example.org/inst/Paper_428>,1
<http://example.org/inst/Paper_429>,2
<http://example.org/inst/Paper_42>,2
<http://example.org/inst/Paper_430>,0
<http://example.org/inst/Paper_431>,2
<http://example.org/inst/Paper_432>,2
<http://example.org/inst/Paper_433>,2
<http://example.org/inst/Paper_434>,1
<http://example.org/inst/Paper_435>,1
<http://example.org/inst/Paper_436>,0
<http://example.org/inst/Paper_437>,2
<http://example.org/inst/Paper_438>,2
<http://example.org/inst/Paper_439>,1
<http://example.org/inst/Paper_43>,2
<http://example.org/inst/Paper_440>,1
<http://example.org/inst/Paper_441>,1
<http://example.org/inst/Paper_442>,2
<http://example.org/inst/Paper_443>,1
<http://example.org/inst/Paper_444>,0
<http://example.org/inst/Paper_445>,1
<http://example.org/inst/Paper_446>,2
<http://example.org/inst/Paper_447>,2
<http://example.org/inst/Paper_448>,1
<http://example.org/inst/Paper_449>,2
<http://example.org/inst/Paper_44>,1
<http://example.org/inst/Paper_450>,1
<http://example.org/inst/Paper_451>,2
<http://example.org/inst/Paper_452>,1
<http://example.org/inst/Paper_453>,1
<http://example.org/inst/Paper_454>,1
<http://example.org/inst/Paper_455>,2
<http://example.org/inst/Paper_456>,0
<http://example.org/inst/Paper_457>,0
<http://example.org/inst/Paper_458>,0
<http://example.org/inst/Paper_459>,0
<http://example.org/inst/Paper_45>,1
<http://example.org/inst/Paper_460>,1
<http://example.org/inst/Paper_461>,1
<http://example.org/inst/Paper_462>,1
<http://example.org/inst/Paper_463>,2
<http://example.org/inst/Paper_464>,2
<http://example.org/inst/Paper_465>,1
<http://example.org/inst/Paper_466>,2
<http://example.org/inst/Paper_467>,2
<http://example.org/inst/Paper_468>,1
<http://example.org/inst/Paper_469>,1
<http://example.org/inst/Paper_46>,2
<http://example.org/inst/Paper_470>,1
<http://example.org/inst/Paper_471>,2
<http://example.org/inst/Paper_472>,0
<http://example.org/inst/Paper_473>,1
<http://example.org/inst/Paper_474>,1
<http://example.org/inst/Paper_475>,2
<http://example.org/inst/Paper_476>,1
<http://example.org/inst/Paper_477>,0
<http://example.org/inst/Paper_478>,2
<http://example.org/inst/Paper_479>,2
<http://example.org/inst/Paper_47>,1
<http://example.org/inst/Paper_480>,0
<http://example.org/inst/Paper_481>,1
<http://example.org/inst/Paper_482>,0
<http://example.org/inst/Paper_483>,1
<http://example.org/inst/Paper_484>,1
<http://example.org/inst/Paper_485>,2
<http://example.org/inst/Paper_486>,0
<http://example.org/inst/Paper_487>,1
<http://example.org/inst/Paper_488>,1
<http://example.org/inst/Paper_489>,1
<http://example.org/inst/Paper_48>,2
<http://example.org/inst/Paper_490>,2
<http://example.org/inst/Paper_491>,2
<http://example.org/inst/Paper_492>,2
<http://example.org/inst/Paper_493>,1
<http://example.org/inst/Paper_494>,1
<http://example.org/inst/Paper_495>,2
<http://example.org/inst/Paper_496>,1
<http://example.org/inst/Paper_497>,2
<http://example.org/inst/Paper_498>,1
<http://example.org/inst/Paper_499>,1
<http://example.org/inst/Paper_49>,2
<http://example.org/inst/Paper_4>,2
<http://example.org/inst/Paper_500>,1
<http://example.org/inst/Paper_501>,0
<http://example.org/inst/Paper_502>,2
<http://example.org/inst/Paper_503>,0
<http://example.org/inst/Paper_504>,2
<http://example.org/inst/Paper_505>,1
<http://example.org/inst/Paper_506>,1
<http://example.org/inst/Paper_507>,0
<http://example.org/inst/Paper_508>,0
<http://example.org/inst/Paper_509>,0
<http://example.org/inst/Paper_50>,2
<http://example.org/inst/Paper_510>,0
<http://example.org/inst/Paper_511>,1
<http://example.org/inst/Paper_512>,1
<http://example.org/inst/Paper_513>,2
<http://example.org/inst/Paper_514>,1
<http://example.org/inst/Paper_515>,0
<http://example.org/inst/Paper_516>,1
<http://example.org/inst/Paper_517>,2
<http://example.org/inst/Paper_518>,0
<http://example.org/inst/Paper_519>,1
<http://example.org/inst/Paper_51>,1
<http://example.org/inst/Paper_520>,1
<http://example.org/inst/Paper_521>,0
<http://example.org/inst/Paper_522>,1
<http://example.org/inst/Paper_523>,0
<http://example.org/inst/Paper_524>,1
<http://example.org/inst/Paper_525>,0
<http://example.org/inst/Paper_526>,1
<http://example.org/inst/Paper_527>,0
<http://example.org/inst/Paper_528>,0
<http://example.org/inst/Paper_529>,0
<http://example.org/inst/Paper_52>,1
<http://example.org/inst/Paper_530>,0
<http://example.org/inst/Paper_531>,1
<http://example.org/inst/Paper_532>,2
<http://example.org/inst/Paper_533>,2
<http://example.org/inst/Paper_534>,2
<http://example.org/inst/Paper_535>,2
<http://example.org/inst/Paper_536>,2
<http://example.org/inst/Paper_537>,0
<http://example.org/inst/Paper_538>,1
<http://example.org/inst/Paper_539>,0
<http://example.org/inst/Paper_53>,2
<http://example.org/inst/Paper_540>,0
<http://example.org/inst/Paper_541>,2
<http://example.org/inst/Paper_542>,0
<http://example.org/inst/Paper_543>,0
<http://example.org/inst/Paper_544>,0
<http://example.org/inst/Paper_545>,1
<http://example.org/inst/Paper_546>,0
<http://example.org/inst/Paper_547>,2
<http://example.org/inst/Paper_548>,2
<http://example.org/inst/Paper_549>,2
<http://example.org/inst/Paper_54>,0
<http://example.org/inst/Paper_550>,2
<http://example.org/inst/Paper_551>,0
<http://example.org/inst/Paper_552>,2
<http://example.org/inst/Paper_553>,1
<http://example.org/inst/Paper_554>,0
<http://example.org/inst/Paper_555>,1
<http://example.org/inst/Paper_556>,2
<http://example.org/inst/Paper_557>,0
<http://example.org/inst/Paper_558>,2
<http://example.org/inst/Paper_559>,0
<http://example.org/inst/Paper_55>,0
<http://example.org/inst/Paper_560>,1
<http://example.org/inst/Paper_561>,0
<http://example.org/inst/Paper_562>,0
<http://example.org/inst/Paper_563>,0
<http://example.org/inst/Paper_564>,0
<http://example.org/inst/Paper_565>,2
<http://example.org/inst/Paper_566>,0
<http://example.org/inst/Paper_567>,0
<http://example.org/inst/Paper_568>,1
<http://example.org/inst/Paper_569>,2
<http://example.org/inst/Paper_56>,1
<http://example.org/inst/Paper_570>,0
<http://example.org/inst/Paper_571>,1
<http://example.org/inst/Paper_572>,2
<http://example.org/inst/Paper_573>,1
<http://example.org/inst/Paper_574>,0
<http://example.org/inst/Paper_575>,0
<http://example.org/inst/Paper_576>,0
<http://example.org/inst/Paper_577>,2
<http://example.org/inst/Paper_578>,2
<http://example.org/inst/Paper_579>,2
<http://example.org/inst/Paper_57>,1
<http://example.org/inst/Paper_580>,1
<http://example.org/inst/Paper_581>,2
<http://example.org/inst/Paper_582>,2
<http://example.org/inst/Paper_583>,2
<http://example.org/inst/Paper_584>,2
<http://example.org/inst/Paper_585>,1
<http://example.org/inst/Paper_586>,1
<http://example.org/inst/Paper_587>,0
<http://example.org/inst/Paper_588>,0
<http://example.org/inst/Paper_589>,1
<http://example.org/inst/Paper_58>,1
<http://example.org/inst/Paper_590>,1
<http://example.org/inst/Paper_591>,1
<http://example.org/inst/Paper_592>,1
<http://example.org/inst/Paper_593>,2
<http://example.org/inst/Paper_594>,1
<http://example.org/inst/Paper_595>,2
<http://example.org/inst/Paper_596>,1
<http://example.org/inst/Paper_597>,1
<http://example.org/inst/Paper_598>,0
<http://example.org/inst/Paper_599>,1
<http://example.org/inst/Paper_59>,2
<http://example.org/inst/Paper_5>,2
<http://example.org/inst/Paper_600>,1
<http://example.org/inst/Paper_601>,0
<http://example.org/inst/Paper_602>,0
<http://example.org/inst/Paper_603>,1
<http://example.org/inst/Paper_604>,1
<http://example.org/inst/Paper_605>,0
<http://example.org/inst/Paper_606>,2
<http://example.org/inst/Paper_607>,2
<http://example.org/inst/Paper_608>,0
<http://example.org/inst/Paper_609>,1
<http://example.org/inst/Paper_60>,2
<http://example.org/inst/Paper_610>,1
<http://example.org/inst/Paper_611>,1
<http://example.org/inst/Paper_612>,2
<http://example.org/inst/Paper_613>,0
<http://example.org/inst/Paper_614>,2
<http://example.org/inst/Paper_615>,0
<http://example.org/inst/Paper_616>,1
<http://example.org/inst/Paper_617>,0
<http://example.org/inst/Paper_618>,0
<http://example.org/inst/Paper_619>,2
<http://example.org/inst/Paper_61>,2
<http://example.org/inst/Paper_620>,0
<http://example.org/inst/Paper_621>,1
<http://example.org/inst/Paper_622>,0
<http://example.org/inst/Paper_623>,1
<http://example.org/inst/Paper_624>,1
<http://example.org/inst/Paper_625>,2
<http://example.org/inst/Paper_626>,1
<http://example.org/inst/Paper_627>,0
<http://example.org/inst/Paper_628>,2
<http://example.org/inst/Paper_629>,1
<http://example.org/inst/Paper_62>,1
<http://example.org/inst/Paper_630>,1
<http://example.org/inst/Paper_631>,2
<http://example.org/inst/Paper_632>,1
<http://example.org/inst/Paper_633>,1
<http://example.org/inst/Paper_634>,0
<http://example.org/inst/Paper_635>,0
<http://example.org/inst/Paper_636>,0
<http://example.org/inst/Paper_637>,2
<http://example.org/inst/Paper_638>,1
<http://example.org/inst/Paper_639>,1
<http://example.org/inst/Paper_63>,1
<http://example.org/inst/Paper_640>,1
<http://example.org/inst/Paper_641>,1
<http://example.org/inst/Paper_642>,2
<http://example.org/inst/Paper_643>,1
<http://example.org/inst/Paper_644>,2
<http://example.org/inst/Paper_645>,2
<http://example.org/inst/Paper_646>,2
<http://example.org/inst/Paper_647>,2
<http://example.org/inst/Paper_648>,2
<http://example.org/inst/Paper_649>,0
<http://example.org/inst/Paper_64>,1
<http://example.org/inst/Paper_650>,2
<http://example.org/inst/Paper_651>,2
<http://example.org/inst/Paper_652>,0
<http://example.org/inst/Paper_653>,1
<http://example.org/inst/Paper_654>,0
<http://example.org/inst/Paper_655>,2
<http://example.org/inst/Paper_656>,1
<http://example.org/inst/Paper_657>,0
<http://example.org/inst/Paper_658>,2
<http://example.org/inst/Paper_659>,0
<http://example.org/inst/Paper_65>,1
<http://example.org/inst/Paper_660>,0
<http://example.org/inst/Paper_661>,0
<http://example.org/inst/Paper_662>,0
<http://example.org/inst/Paper_663>,2
<http://example.org/inst/Paper_664>,2
<http://example.org/inst/Paper_665>,1
<http://example.org/inst/Paper_666>,0
<http://example.org/inst/Paper_667>,0
<http://example.org/inst/Paper_668>,2
<http://example.org/inst/Paper_669>,0
<http://example.org/inst/Paper_66>,1
<http://example.org/inst/Paper_670>,2
<http://example.org/inst/Paper_671>,0
<http://example.org/inst/Paper_672>,1
<http://example.org/inst/Paper_673>,2
<http://example.org/inst/Paper_674>,1
<http://example.org/inst/Paper_675>,1
<http://example.org/inst/Paper_676>,1
<http://example.org/inst/Paper_677>,2
<http://example.org/inst/Paper_678>,2
<http://example.org/inst/Paper_679>,0
<http://example.org/inst/Paper_67>,1
<http://example.org/inst/Paper_680>,2
<http://example.org/inst/Paper_681>,0
<http://example.org/inst/Paper_682>,1
<http://example.org/inst/Paper_683>,0
<http://example.org/inst/Paper_684>,1
<http://example.org/inst/Paper_685>,2
<http://example.org/inst/Paper_686>,0
<http://example.org/inst/Paper_687>,0
<http://example.org/inst/Paper_688>,1
<http://example.org/inst/Paper_689>,0
<http://example.org/inst/Paper_68>,2
<http://example.org/inst/Paper_690>,1
<http://example.org/inst/Paper_691>,1
<http://example.org/inst/Paper_692>,0
<http://example.org/inst/Paper_693>,0
<http://example.org/inst/Paper_694>,2
<http://example.org/inst/Paper_695>,2
<http://example.org/inst/Paper_696>,1
<http://example.org/inst/Paper_697>,0
<http://example.org/inst/Paper_698>,2
<http://example.org/inst/Paper_699>,2
<http://example.org/inst/Paper_69>,2
<http://example.org/inst/Paper_6>,2
<http://example.org/inst/Paper_700>,0
<http://example.org/inst/Paper_701>,1
<http://example.org/inst/Paper_702>,1
<http://example.org/inst/Paper_703>,1
<http://example.org/inst/Paper_704>,1
<http://example.org/inst/Paper_705>,0
<http://example.org/inst/Paper_706>,0
<http://example.org/inst/Paper_707>,0
<http://example.org/inst/Paper_708>,1
<http://example.org/inst/Paper_709>,0
<http://example.org/inst/Paper_70>,2
<http://example.org/inst/Paper_710>,1
<http://example.org/inst/Paper_711>,0
<http://example.org/inst/Paper_712>,0
<http://example.org/inst/Paper_713>,0
<http://example.org/inst/Paper_714>,2
<http://example.org/inst/Paper_715>,1
<http://example.org/inst/Paper_716>,0
<http://example.org/inst/Paper_717>,0
<http://example.org/inst/Paper_718>,0
<http://example.org/inst/Paper_719>,1
<http://example.org/inst/Paper_71>,1
<http://example.org/inst/Paper_720>,0
<http://example.org/inst/Paper_721>,2
<http://example.org/inst/Paper_722>,1
<http://example.org/inst/Paper_723>,0
<http://example.org/inst/Paper_724>,2
<http://example.org/inst/Paper_725>,2
<http://example.org/inst/Paper_726>,2
<http://example.org/inst/Paper_727>,2
<http://example.org/inst/Paper_728>,2
<http://example.org/inst/Paper_729>,2
<http://example.org/inst/Paper_72>,1
<http://example.org/inst/Paper_730>,0
<http://example.org/inst/Paper_731>,0
<http://example.org/inst/Paper_732>,0
<http://example.org/inst/Paper_733>,1
<http://example.org/inst/Paper_734>,1
<http://example.org/inst/Paper_735>,1
<http://example.org/inst/Paper_736>,2
<http://example.org/inst/Paper_737>,0
<http://example.org/inst/Paper_738>,2
<http://example.org/inst/Paper_739>,1
<http://example.org/inst/Paper_73>,2
<http://example.org/inst/Paper_740>,1
<http://example.org/inst/Paper_741>,0
<http://example.org/inst/Paper_742>,0
<http://example.org/inst/Paper_743>,2
<http://example.org/inst/Paper_744>,2
<http://example.org/inst/Paper_745>,0
<http://example.org/inst/Paper_746>,0
<http://example.org/inst/Paper_747>,2
<http://example.org/inst/Paper_748>,1
<http://example.org/inst/Paper_749>,0
<http://example.org/inst/Paper_74>,1
<http://example.org/inst/Paper_750>,1
<http://example.org/inst/Paper_751>,1
<http://example.org/inst/Paper_752>,2
<http://example.org/inst/Paper_753>,1
<http://example.org/inst/Paper_754>,2
<http://example.org/inst/Paper_755>,1
<http://example.org/inst/Paper_756>,1
<http://example.org/inst/Paper_757>,1
<http://example.org/inst/Paper_758>,2
<http://example.org/inst/Paper_759>,0
<http://example.org/inst/Paper_75>,1
<http://example.org/inst/Paper_760>,1
<http://example.org/inst/Paper_761>,0
<http://example.org/inst/Paper_762>,0
<http://example.org/inst/Paper_763>,1
<http://example.org/inst/Paper_764>,0
<http://example.org/inst/Paper_765>,0
<http://example.org/inst/Paper_766>,0
<http://example.org/inst/Paper_767>,0
<http://example.org/inst/Paper_768>,2
<http://example.org/inst/Paper_769>,1
<http://example.org/inst/Paper_76>,1
<http://example.org/inst/Paper_770>,1
<http://example.org/inst/Paper_771>,0
<http://example.org/inst/Paper_772>,1
<http://example.org/inst/Paper_773>,0
<http://example.org/inst/Paper_774>,0
<http://example.org/inst/Paper_775>,1
<http://example.org/inst/Paper_776>,0
<http://example.org/inst/Paper_777>,1
<http://example.org/inst/Paper_778>,2
<http://example.org/inst/Paper_779>,1
<http://example.org/inst/Paper_77>,2
<http://example.org/inst/Paper_780>,1
<http://example.org/inst/Paper_781>,2
<http://example.org/inst/Paper_782>,0
<http://example.org/inst/Paper_783>,1
<http://example.org/inst/Paper_784>,0
<http://example.org/inst/Paper_785>,2
<http://example.org/inst/Paper_786>,2
<http://example.org/inst/Paper_787>,0
<http://example.org/inst/Paper_788>,0
<http://example.org/inst/Paper_789>,0
<http://example.org/inst/Paper_78>,1
<http://example.org/inst/Paper_790>,1
<http://example.org/inst/Paper_791>,2
<http://example.org/inst/Paper_792>,0
<http://example.org/inst/Paper_793>,0
<http://example.org/inst/Paper_794>,2
<http://example.org/inst/Paper_795>,2
<http://example.org/inst/Paper_796>,2
<http://example.org/inst/Paper_797>,0
<http://example.org/inst/Paper_798>,0
<http://example.org/inst/Paper_799>,0
<http://example.org/inst/Paper_79>,0
<http://example.org/inst/Paper_7>,1
<http://example.org/inst/Paper_800>,0
<http://example.org/inst/Paper_801>,2
<http://example.org/inst/Paper_802>,1
<http://example.org/inst/Paper_803>,2
<http://example.org/inst/Paper_804>,2
<http://example.org/inst/Paper_805>,2
<http://example.org/inst/Paper_806>,2
<http://example.org/inst/Paper_807>,2
<http://example.org/inst/Paper_808>,1
<http://example.org/inst/Paper_809>,2
<http://example.org/inst/Paper_80>,1
<http://example.org/inst/Paper_810>,1
<http://example.org/inst/Paper_811>,1
<http://example.org/inst/Paper_812>,0
<http://example.org/inst/Paper_813>,0
<http://example.org/inst/Paper_814>,2
<http://example.org/inst/Paper_815>,2
<http://example.org/inst/Paper_816>,0
<http://example.org/inst/Paper_817>,0
<http://example.org/inst/Paper_818>,2
<http://example.org/inst/Paper_819>,1
<http://example.org/inst/Paper_81>,1
<http://example.org/inst/Paper_820>,0
<http://example.org/inst/Paper_821>,0
<http://example.org/inst/Paper_822>,0
<http://example.org/inst/Paper_823>,0
<http://example.org/inst/Paper_824>,1
<http://example.org/inst/Paper_825>,0
<http://example.org/inst/Paper_826>,2
<http://example.org/inst/Paper_827>,1
<http://example.org/inst/Paper_828>,0
<http://example.org/inst/Paper_829>,0
<http://example.org/inst/Paper_82>,1
<http://example.org/inst/Paper_830>,1
<http://example.org/inst/Paper_831>,2
<http://example.org/inst/Paper_832>,1
<http://example.org/inst/Paper_833>,1
<http://example.org/inst/Paper_834>,0
<http://example.org/inst/Paper_835>,1
<http://example.org/inst/Paper_836>,1
<http://example.org/inst/Paper_837>,2
<http://example.org/inst/Paper_838>,1
<http://example.org/inst/Paper_839>,0
<http://example.org/inst/Paper_83>,1
<http://example.org/inst/Paper_840>,1
<http://example.org/inst/Paper_841>,1
<http://example.org/inst/Paper_842>,1
<http://example.org/inst/Paper_843>,2
<http://example.org/inst/Paper_844>,2
<http://example.org/inst/Paper_845>,1
<http://example.org/inst/Paper_846>,0
<http://example.org/inst/Paper_847>,0
<http://example.org/inst/Paper_848>,0
<http://example.org/inst/Paper_849>,1
<http://example.org/inst/Paper_84>,2
<http://example.org/inst/Paper_850>,1
<http://example.org/inst/Paper_851>,0
<http://example.org/inst/Paper_852>,2
<http://example.org/inst/Paper_853>,0
<http://example.org/inst/Paper_854>,0
<http://example.org/inst/Paper_855>,0
<http://example.org/inst/Paper_856>,0
<http://example.org/inst/Paper_857>,1
<http://example.org/inst/Paper_858>,1
<http://example.org/inst/Paper_859>,0
<http://example.org/inst/Paper_85>,2
<http://example.org/inst/Paper_860>,0
<http://example.org/inst/Paper_861>,0
<http://example.org/inst/Paper_862>,1
<http://example.org/inst/Paper_863>,0
<http://example.org/inst/Paper_864>,0
<http://example.org/inst/Paper_865>,0
<http://example.org/inst/Paper_866>,2
<http://example.org/inst/Paper_867>,2
<http://example.org/inst/Paper_868>,1
<http://example.org/inst/Paper_869>,1
<http://example.org/inst/Paper_86>,1
<http://example.org/inst/Paper_870>,1
<http://example.org/inst/Paper_871>,0
<http://example.org/inst/Paper_872>,1
<http://example.org/inst/Paper_873>,1
<http://example.org/inst/Paper_874>,0
<http://example.org/inst/Paper_875>,1
<http://example.org/inst/Paper_876>,0
<http://example.org/inst/Paper_877>,2
<http://example.org/inst/Paper_878>,0
<http://example.org/inst/Paper_879>,1
<http://example.org/inst/Paper_87>,2
<http://example.org/inst/Paper_880>,0
<http://example.org/inst/Paper_881>,1
<http://example.org/inst/Paper_882>,2
<http://example.org/inst/Paper_883>,1
<http://example.org/inst/Paper_884>,0
<http://example.org/inst/Paper_885>,2
<http://example.org/inst/Paper_886>,1
<http://example.org/inst/Paper_887>,0
<http://example.org/inst/Paper_888>,1
<http://example.org/inst/Paper_889>,0
<http://example.org/inst/Paper_88>,2
<http://example.org/inst/Paper_890>,1
<http://example.org/inst/Paper_891>,0
<http://example.org/inst/Paper_892>,2
<http://example.org/inst/Paper_893>,1
<http://example.org/inst/Paper_894>,2
<http://example.org/inst/Paper_895>,0
<http://example.org/inst/Paper_896>,0
<http://example.org/inst/Paper_897>,1
<http://example.org/inst/Paper_898>,0
<http://example.org/inst/Paper_899>,0
<http://example.org/inst/Paper_89>,0
<http://example.org/inst/Paper_8>,1
<http://example.org/inst/Paper_900>,0
<http://example.org/inst/Paper_901>,0
<http://example.org/inst/Paper_902>,0
<http://example.org/inst/Paper_903>,0
<http://example.org/inst/Paper_904>,0
<http://example.org/inst/Paper_905>,1
<http://example.org/inst/Paper_906>,1
<http://example.org/inst/Paper_907>,0
<http://example.org/inst/Paper_908>,2
<http://example.org/inst/Paper_909>,0
<http://example.org/inst/Paper_90>,1
<http://example.org/inst/Paper_910>,0
<http://example.org/inst/Paper_911>,2
<http://example.org/inst/Paper_912>,2
<http://example.org/inst/Paper_913>,1
<http://example.org/inst/Paper_914>,0
<http://example.org/inst/Paper_915>,0
<http://example.org/inst/Paper_916>,2
<http://example.org/inst/Paper_917>,0
<http://example.org/inst/Paper_918>,0
<http://example.org/inst/Paper_919>,0
<http://example.org/inst/Paper_91>,2
<http://example.org/inst/Paper_920>,0
<http://example.org/inst/Paper_921>,1
<http://example.org/inst/Paper_922>,1
<http://example.org/inst/Paper_923>,0
<http://example.org/inst/Paper_924>,0
<http://example.org/inst/Paper_925>,2
<http://example.org/inst/Paper_926>,1
<http://example.org/inst/Paper_927>,2
<http://example.org/inst/Paper_928>,0
<http://example.org/inst/Paper_929>,1
<http://example.org/inst/Paper_92>,2
<http://example.org/inst/Paper_930>,0
<http://example.org/inst/Paper_931>,1
<http://example.org/inst/Paper_932>,0
<http://example.org/inst/Paper_933>,2
<http://example.org/inst/Paper_934>,1
<http://example.org/inst/Paper_935>,0
<http://example.org/inst/Paper_936>,1
<http://example.org/inst/Paper_937>,0
<http://example.org/inst/Paper_938>,2
<http://example.org/inst/Paper_939>,2
<http://example.org/inst/Paper_93>,1
<http://example.org/inst/Paper_940>,2
<http://example.org/inst/Paper_941>,2
<http://example.org/inst/Paper_942>,0
<http://example.org/inst/Paper_943>,1
<http://example.org/inst/Paper_944>,0
<http://example.org/inst/Paper_945>,0
<http://example.org/inst/Paper_946>,2
<http://example.org/inst/Paper_947>,0
<http://example.org/inst/Paper_948>,0
<http://example.org/inst/Paper_949>,0
<http://example.org/inst/Paper_94>,2
<http://example.org/inst/Paper_950>,2
<http://example.org/inst/Paper_951>,2
<http://example.org/inst/Paper_952>,0
<http://example.org/inst/Paper_953>,1
<http://example.org/inst/Paper_954>,0
<http://example.org/inst/Paper_955>,2
<http://example.org/inst/Paper_956>,1
<http://example.org/inst/Paper_957>,0
<http://example.org/inst/Paper_958>,1
<http://example.org/inst/Paper_959>,2
<http://example.org/inst/Paper_95>,2
<http://example.org/inst/Paper_960>,1
<http://example.org/inst/Paper_961>,1
<http://example.org/inst/Paper_962>,2
<http://example.org/inst/Paper_963>,1
<http://example.org/inst/Paper_964>,2
<http://example.org/inst/Paper_965>,1
<http://example.org/inst/Paper_966>,1
<http://example.org/inst/Paper_967>,2
<http://example.org/inst/Paper_968>,1
<http://example.org/inst/Paper_969>,2
<http://example.org/inst/Paper_96>,2
<http://example.org/inst/Paper_970>,2
<http://example.org/inst/Paper_971>,1
<http://example.org/inst/Paper_972>,0
<http://example.org/inst/Paper_973>,0
<http://example.org/inst/Paper_974>,2
<http://example.org/inst/Paper_975>,1
<http://example.org/inst/Paper_976>,1
<http://example.org/inst/Paper_977>,1
<http://example.org/inst/Paper_978>,0
<http://example.org/inst/Paper_979>,2
<http://example.org/inst/Paper_97>,1
<http://example.org/inst/Paper_980>,1
<http://example.org/inst/Paper_981>,1
<http://example.org/inst/Paper_982>,0
<http://example.org/inst/Paper_983>,1
<http://example.org/inst/Paper_984>,0
<http://example.org/inst/Paper_985>,2
<http://example.org/inst/Paper_986>,2
<http://example.org/inst/Paper_987>,0
<http://example.org/inst/Paper_988>,2
<http://example.org/inst/Paper_989>,0
<http://example.org/inst/Paper_98>,1
<http://example.org/inst/Paper_990>,0
<http://example.org/inst/Paper_991>,0
<http://example.org/inst/Paper_992>,1
<http://example.org/inst/Paper_993>,2
<http://example.org/inst/Paper_994>,1
<http://example.org/inst/Paper_995>,2
<http://example.org/inst/Paper_996>,1
<http://example.org/inst/Paper_997>,1
<http://example.org/inst/Paper_99>,2
<http://example.org/inst/Paper_9>,1
